{
  "vsm": {
    "map": [
      0.1091918180709932,
      0.17289683965377536,
      0.21083802090496692,
      0.2354583790818889,
      0.2488127407923625,
      0.26504677424861817,
      0.2771464162778169,
      0.288349091045907,
      0.2966618561070381,
      0.3025772846456971
    ],
    "mrr": [
      0.6488888888888888,
      0.6977777777777778,
      0.7140740740740741,
      0.7207407407407407,
      0.7269629629629629,
      0.7321481481481481,
      0.7334179894179894,
      0.7339735449735451,
      0.7359488536155202,
      0.7368377425044093
    ],
    "precision": [
      0.6488888888888888,
      0.5466666666666666,
      0.48592592592592593,
      0.43444444444444447,
      0.3857777777777778,
      0.3585185185185185,
      0.33396825396825397,
      0.31666666666666665,
      0.29975308641975307,
      0.28355555555555556
    ],
    "recall": [
      0.1091918180709932,
      0.1808846901723276,
      0.228655709398868,
      0.2645503767399963,
      0.28835898997546267,
      0.32412273857254464,
      0.34810774254260607,
      0.3713727081774375,
      0.39317398895911043,
      0.4099945143927636
    ],
    "fscore": [
      0.30341119526434995,
      0.35817318332622045,
      0.36717121379987583,
      0.358681580253794,
      0.3387970885063874,
      0.33087183030611894,
      0.3190122289384944,
      0.3102304973778975,
      0.30029917868858236,
      0.2892336066285897
    ],
    "ndcg": [
      0.6488888888888888,
      0.5697989816320493,
      0.5237004070616211,
      0.4957326701988284,
      0.47114764901913725,
      0.4645696152091293,
      0.4592311012828457,
      0.4604071288494314,
      0.4622432503377594,
      0.46356679201681666
    ],
    "zero_results": 0,
    "time": 1.1454126834869385
  },
  "bm25": {
    "map": [
      0.12259655739007719,
      0.19880492100702768,
      0.2421794001074098,
      0.2680500331874242,
      0.28964065389569194,
      0.3014340036233382,
      0.31212638313651975,
      0.3208300552360252,
      0.32698966777461747,
      0.3330289896064681
    ],
    "mrr": [
      0.7288888888888889,
      0.7711111111111111,
      0.7814814814814816,
      0.7848148148148149,
      0.7883703703703704,
      0.7905925925925925,
      0.7918624338624339,
      0.792973544973545,
      0.7949488536155203,
      0.7953932980599647
    ],
    "precision": [
      0.7288888888888889,
      0.6177777777777778,
      0.5392592592592592,
      0.47,
      0.42933333333333334,
      0.3859259259259259,
      0.35238095238095235,
      0.32666666666666666,
      0.3046913580246914,
      0.28933333333333333
    ],
    "recall": [
      0.12259655739007719,
      0.2063590005513033,
      0.25800947982397043,
      0.2931892864496188,
      0.32896902087641205,
      0.35022504834090185,
      0.36955585723311424,
      0.38761939862998895,
      0.40196673525650073,
      0.41677237661386624
    ],
    "fscore": [
      0.3391954506309852,
      0.40723526908386865,
      0.41020834085682134,
      0.39140500468972467,
      0.37999345728196887,
      0.35653907119098693,
      0.3371308288058419,
      0.3210802810696455,
      0.30565101753898166,
      0.2950200254707872
    ],
    "ndcg": [
      0.7288888888888889,
      0.642921598392324,
      0.5844763614648208,
      0.5451380773821077,
      0.5267549283452491,
      0.5091615064945205,
      0.498561562895204,
      0.49410759127087284,
      0.4916249237807503,
      0.49259586108190057
    ],
    "zero_results": 0,
    "time": 1.6601932048797607,
    "p_vs_vsm": 3.935768731907167e-06
  },
  "lsa": {
    "map": [
      0.09933713779732427,
      0.16407946835510445,
      0.2019251172035741,
      0.2227660927769702,
      0.2397878468499075,
      0.25047818154825796,
      0.26209994821435956,
      0.2697850446724823,
      0.276426599457312,
      0.28179968691451707
    ],
    "mrr": [
      0.6088888888888889,
      0.6711111111111111,
      0.6888888888888889,
      0.6966666666666667,
      0.702,
      0.7071851851851852,
      0.7078201058201058,
      0.7078201058201058,
      0.7088077601410935,
      0.7088077601410935
    ],
    "precision": [
      0.6088888888888889,
      0.5422222222222223,
      0.4711111111111111,
      0.41555555555555557,
      0.3804444444444445,
      0.3459259259259259,
      0.3225396825396825,
      0.29944444444444446,
      0.2804938271604938,
      0.264
    ],
    "recall": [
      0.09933713779732427,
      0.17589119675016618,
      0.2257168077175728,
      0.2559498136493617,
      0.2859751216871782,
      0.30870549036400785,
      0.33039628360652523,
      0.3457369530085982,
      0.3620679530676684,
      0.37764473489150907
    ],
    "fscore": [
      0.27824237998493206,
      0.3526102650938761,
      0.3585901885002021,
      0.3439975834018895,
      0.33436621751590706,
      0.31812201713229366,
      0.30663545970589573,
      0.2924075398265737,
      0.28018372273419234,
      0.26870582683501215
    ],
    "ndcg": [
      0.6088888888888889,
      0.55730851459095,
      0.5060339515457954,
      0.47571605568353265,
      0.45942949104401143,
      0.4458538719548683,
      0.4405178137880017,
      0.4363607455096434,
      0.43517595438217893,
      0.4356842087051322
    ],
    "zero_results": 0,
    "time": 2.376267194747925,
    "best_k": 300,
    "p_vs_vsm": 0.003037444302246115,
    "k_sweep": {
      "50": 0.21237897847399426,
      "100": 0.23828506435266425,
      "200": 0.27243370109145054,
      "300": 0.28179968691451707
    }
  },
  "qe": {
    "map": [
      0.10086169140753319,
      0.16724977375670944,
      0.2049898453529902,
      0.2270531688553488,
      0.24297685107077507,
      0.2510706864293163,
      0.25905689143029964,
      0.26867662926796343,
      0.27707041481752237,
      0.2837331600076239
    ],
    "mrr": [
      0.6088888888888889,
      0.6755555555555556,
      0.6888888888888889,
      0.6944444444444444,
      0.6988888888888889,
      0.7040740740740741,
      0.7066137566137566,
      0.7082804232804233,
      0.7097619047619048,
      0.7102063492063493
    ],
    "precision": [
      0.6088888888888889,
      0.5377777777777778,
      0.4711111111111111,
      0.41555555555555557,
      0.3706666666666667,
      0.3333333333333333,
      0.3053968253968254,
      0.28944444444444445,
      0.27358024691358024,
      0.25955555555555554
    ],
    "recall": [
      0.10086169140753319,
      0.1790767696977405,
      0.22744614469456648,
      0.26068331759314284,
      0.2860558273407816,
      0.3036747966068097,
      0.32186484984858704,
      0.3440873046031581,
      0.36596679729637627,
      0.3812083841896874
    ],
    "fscore": [
      0.28291767643749777,
      0.35472414539284186,
      0.3609118995050172,
      0.3477824233980225,
      0.329428606532606,
      0.30927543179442313,
      0.29275242275775176,
      0.28464353378897517,
      0.2752225517675698,
      0.2657078936509539
    ],
    "ndcg": [
      0.6088888888888889,
      0.5538698229710874,
      0.5052518063618711,
      0.4747508154003183,
      0.45236209819224943,
      0.4371885871882126,
      0.4292210903944462,
      0.4305761020904514,
      0.43277079773783,
      0.43442977443514696
    ],
    "zero_results": 0,
    "time": 6.769253253936768,
    "p_vs_vsm": 3.202349487924393e-06
  }
}